id_video,posicao_playlist,titulo,canal,data_publicacao,duracao,visualizacoes,curtidas,comentarios,link,data_coleta
666m6E4mqkc,0,"TINHAMOS TUDO, MENOS DINHEIRO Experience Podcast #01 - Gustavo Guanabara",Curso em Vídeo,2023-10-23T18:43:19Z,PT1H45M15S,79107,5300,209,https://www.youtube.com/watch?v=666m6E4mqkc,2026-10-06
8xwiVzy5d5Q,1,AUMENTE SUA XP com Curso em Vídeo Experience Podcast #00,Curso em Vídeo,2023-10-18T20:42:42Z,PT32M34S,39742,4210,254,https://www.youtube.com/watch?v=8xwiVzy5d5Q,2026-10-06
SMTn4gsQGE8,2,MEU PAI ACHOU QUE EU ESTAVA FAZENDO M...! Experience Podcast #02 - Sylvestre Mergulhão,Curso em Vídeo,2023-10-30T14:52:05Z,PT1H33M20S,17741,1135,50,https://www.youtube.com/watch?v=SMTn4gsQGE8,2026-10-06
7bOtZl4YcJA,3,AOS 13 ANOS VENDEU SEU PRIMEIRO SITE POR 600 REAIS - Experience Podcast #03 - Gustavo Bordoni,Curso em Vídeo,2023-11-06T16:55:45Z,PT1H13M47S,11991,968,33,https://www.youtube.com/watch?v=7bOtZl4YcJA,2026-10-06
muxL-WSVWdk,4,VOCÊ  ENTROU NA SALA ERRADA! Experience Podcast #04 - Nina Talks,Curso em Vídeo,2023-11-10T20:08:57Z,PT1H44M52S,19387,1539,63,https://www.youtube.com/watch?v=muxL-WSVWdk,2026-10-06
eRhcM4ds6IM,5,"FOI DIFÍCIL NO INÍCIO, MAS CONSTRUÍ MINHA CARREIRA - Experience Podcast #05 - Alfredo Junior",Curso em Vídeo,2023-11-20T16:27:47Z,PT1H25M17S,13709,1123,69,https://www.youtube.com/watch?v=eRhcM4ds6IM,2026-10-06
1_ONbnwWcMs,6,CRIOU A HOSTNET COM 17 ANOS - Experience Podcast #06 - Kauê Linden,Curso em Vídeo,2023-11-27T12:38:50Z,PT1H34M11S,7497,655,29,https://www.youtube.com/watch?v=1_ONbnwWcMs,2026-10-06
dwFB6ny1IA4,7,30 ANOS DESENVOLVENDO SISTEMAS - Experience Podcast #07 - Ramiro Lobo,Curso em Vídeo,2023-12-04T14:54:36Z,PT1H56M49S,14074,1051,64,https://www.youtube.com/watch?v=dwFB6ny1IA4,2026-10-06
hCZ7y2sjc94,8,AOS 84 ANOS LECIONANDO PARA 9 TURMAS PRESENCIAIS - Experience Podcast #08 - Mario Monteiro,Curso em Vídeo,2023-12-11T15:35:03Z,PT1H33M26S,15400,1273,118,https://www.youtube.com/watch?v=hCZ7y2sjc94,2026-10-06
OQkQdDJssmw,9,PRODUZINDO SOLUÇÕES EM DADOS - Experience Podcast #09 - Giselle Batalha,Curso em Vídeo,2023-12-21T14:08:25Z,PT2H1M22S,7957,604,83,https://www.youtube.com/watch?v=OQkQdDJssmw,2026-10-06
UyegBTrjWGM,10,ENTREVISTANDO HEADHUNTERS DE TI - Experience Podcast #10 - RAYSSA E CRISTIANO,Curso em Vídeo,2024-01-02T18:24:15Z,PT1H49M48S,21772,1746,171,https://www.youtube.com/watch?v=UyegBTrjWGM,2026-10-06
PmY3SkQaZBo,11,PRODUZINDO CONTEÚDO TECH - Experience Podcast #11 - GABS FERREIRA,Curso em Vídeo,2024-01-08T20:07:20Z,PT1H44M13S,7482,471,74,https://www.youtube.com/watch?v=PmY3SkQaZBo,2026-10-06
wEOH5CeE9Vk,12,ELE FUNDOU UMA EMPRESA DE CIBERSEGURANÇA - Experience Podcast #12 - RAPHAEL MACHADO (PH),Curso em Vídeo,2024-01-15T17:55:43Z,PT1H29M29S,7515,481,65,https://www.youtube.com/watch?v=wEOH5CeE9Vk,2026-10-06
f1ttWl2jzWM,13,DA PROGRAMAÇÃO PARA COMUNICAÇÃO - Experience Podcast #13 - THAÍSSA CANDELLA,Curso em Vídeo,2024-01-22T19:11:30Z,PT3H30M42S,16693,1231,162,https://www.youtube.com/watch?v=f1ttWl2jzWM,2026-10-06
p4Sitp8sFxo,14,DISCIPLINA GANHA DO TALENTO - Experience Podcast #14 - Priscila Marinho,Curso em Vídeo,2024-01-29T16:35:15Z,PT1H31M51S,16182,1230,112,https://www.youtube.com/watch?v=p4Sitp8sFxo,2026-10-06
d5YlRJixQFA,15,O MERCADO DE TI NÃO É SÓ PROGRAMAÇÃO - Experience Podcast #15 - Ramon Felinto,Curso em Vídeo,2024-02-05T12:27:10Z,PT1H37M7S,6996,512,49,https://www.youtube.com/watch?v=d5YlRJixQFA,2026-10-06
77peS9DpM6g,16,MIGRANDO DE CARREIRAS DENTRO DE TI - Experience Podcast #16 - Marcelo Vieira,Curso em Vídeo,2024-02-14T12:09:57Z,PT1H22M55S,5330,466,50,https://www.youtube.com/watch?v=77peS9DpM6g,2026-10-06
rwELsKQBmCg,17,ELA CRIOU O PRIMEIRO SITE DO CURSO EM VÍDEO - Experience Podcast #17 - Amanda Taylor,Curso em Vídeo,2024-02-19T17:48:29Z,PT1H49M18S,7694,565,81,https://www.youtube.com/watch?v=rwELsKQBmCg,2026-10-06
s8lyGpTS7TY,18,EM 6 MESES PROGRAMADOR SENIOR? - Experience Podcast #18 - Henrique Rodrigues,Curso em Vídeo,2024-02-27T13:41:33Z,PT1H36M29S,15005,1074,80,https://www.youtube.com/watch?v=s8lyGpTS7TY,2026-10-06
y9b4tTC_VqY,19,ACHAVA QUE MUNDO DE TI ERA SÓ PROGRAMAÇÃO - Experience Podcast #19 - Mariana Henriques,Curso em Vídeo,2024-03-06T14:05:24Z,PT1H59M25S,14363,952,81,https://www.youtube.com/watch?v=y9b4tTC_VqY,2026-10-06
oZKBM9a2dNE,20,ISSO VAI MELHORAR SUA EXPERIÊNCIA - Experience Podcast #20 - O EVENTO,Curso em Vídeo,2024-03-13T10:35:40Z,PT1H5M35S,9522,711,23,https://www.youtube.com/watch?v=oZKBM9a2dNE,2026-10-06
Oi3TO-cVr_k,21,VAMOS MONTAR UMA ESCOLA? - Experience Podcast #22 - Paulo Silveira,Curso em Vídeo,2024-03-25T19:18:45Z,PT1H27M39S,14515,1181,112,https://www.youtube.com/watch?v=Oi3TO-cVr_k,2026-10-06
8iJbbRBgdxc,22,HOJE EU NÃO COMEÇARIA DANDO AULA - Experience Podcast #21 - O EVENTO,Curso em Vídeo,2024-03-18T21:54:51Z,PT1H5M51S,8992,568,19,https://www.youtube.com/watch?v=8iJbbRBgdxc,2026-10-06
zp2yxoLTHRc,23,VOCÊ É BURRO ASSIM MESMO OU TÁ DE SACA...? - Experience Podcast 23 - Bastter,Curso em Vídeo,2024-04-15T09:42:34Z,PT2H20M45S,232125,11360,1626,https://www.youtube.com/watch?v=zp2yxoLTHRc,2026-10-06
xYloZBMYh_w,24,ELE CRIOU O YOUTUBE BRASILEIRO -  Experience Podcast 24 - Edson Mackeenzie,Curso em Vídeo,2024-04-22T03:00:34Z,PT2H18M6S,9186,545,75,https://www.youtube.com/watch?v=xYloZBMYh_w,2026-10-06
jlzoLA2qM8c,25,DE ENGENHEIRO DE M.... PARA LENDA DA INFORMÁTICA -  Experience Podcast 25 - Benito Piropo,Curso em Vídeo,2024-04-29T03:00:21Z,PT1H59M59S,10649,665,90,https://www.youtube.com/watch?v=jlzoLA2qM8c,2026-10-06
N4wnlb6iBhE,26,NUNCA É TARDE PARA APRENDER ALGO NOVO - Experience Podcast 26 - Maujor,Curso em Vídeo,2024-05-06T03:00:11Z,PT1H40M54S,11190,846,136,https://www.youtube.com/watch?v=N4wnlb6iBhE,2026-10-06
o3sYrM66PJE,27,SER MALUCO NÃO É SAUDÁVEL - Experience Podcast 27 - Paulo Aguirra,Curso em Vídeo,2024-05-13T03:00:33Z,PT1H59M29S,8864,540,73,https://www.youtube.com/watch?v=o3sYrM66PJE,2026-10-06
KMjFhXzb7UM,28,COMO NÃO FICAR MALUCO COM O TRABALHO - Experience Podcast 28 - Paulo Aguirra,Curso em Vídeo,2024-05-27T10:29:52Z,PT2H3M47S,8010,552,50,https://www.youtube.com/watch?v=KMjFhXzb7UM,2026-10-06
qUOTbRW0HSw,29,FALTA DEV DESENROLADO - Experience Podcast 29 - Deyvid Nascimento vulgo Mano Deyvin,Curso em Vídeo,2024-06-10T03:00:36Z,PT1H42M41S,204962,14933,602,https://www.youtube.com/watch?v=qUOTbRW0HSw,2026-10-06
g-BjJmbvQZ0,30,LAYOFF? PROGRAMADOR NO CODE? HOME OFFICE? - Experience Podcast 30 - Mano Deyvin,Curso em Vídeo,2024-06-17T03:00:24Z,PT1H44M39S,79435,6542,281,https://www.youtube.com/watch?v=g-BjJmbvQZ0,2026-10-06
DwVvMb0DzUk,31,UMA NOTA 5 NÃO TE DEFINE - Experience Podcast 31 - Lisane Monteiro,Curso em Vídeo,2024-07-01T03:00:12Z,PT1H35M30S,6841,379,44,https://www.youtube.com/watch?v=DwVvMb0DzUk,2026-10-06
PQs1rD0idGA,32,TRABALHAMOS 2 ANOS SEM GANHAR NADA... - Experience Podcast 32 - Casal Código Fonte,Curso em Vídeo,2024-07-15T03:00:14Z,PT1H23S,22845,2197,81,https://www.youtube.com/watch?v=PQs1rD0idGA,2026-10-06
y1mbNuXyMtg,33,"CRIOU O ""VIDA DE PROGRAMADOR"" SEM SABER DESENHAR - Experience podcast 33 - André Noel",Curso em Vídeo,2024-07-29T03:00:30Z,PT45M52S,5584,401,17,https://www.youtube.com/watch?v=y1mbNuXyMtg,2026-10-06
0AfpsdOPR2w,34,DO ZERO AO EMPREGO DEV - Experience podcast 34 - Sthephanie Cardoso,Curso em Vídeo,2024-08-12T03:00:00Z,PT1H31M44S,69112,4605,262,https://www.youtube.com/watch?v=0AfpsdOPR2w,2026-10-06
-Jah-sjolF4,35,TREINOU MAIS DE 300 ESTAGIÁRIOS EM 22 ANOS DE EMPRESA - Experience podcast 35 - HIGOR VICTORINO,Curso em Vídeo,2024-08-26T10:37:53Z,PT1H44M51S,4770,245,24,https://www.youtube.com/watch?v=-Jah-sjolF4,2026-10-06
ok8NH3Mc7IA,36,DE ALUNO DO CURSO EM VIDEO A FRANQUEADO HOSTNET -  Experience podcast 36 - Júnior Gonçalves,Curso em Vídeo,2024-11-11T03:00:38Z,PT1H44M35S,7315,471,93,https://www.youtube.com/watch?v=ok8NH3Mc7IA,2026-10-06
Ql6eD-wUmhw,37,DO FUNDÃO À LIDERANÇA EM TECNOLOGIAS EMERGENTES - Experience Podcast 37 - Lucas Oliveira,Curso em Vídeo,2025-01-27T03:01:00Z,PT1H28M41S,9957,860,97,https://www.youtube.com/watch?v=Ql6eD-wUmhw,2026-10-06
ahwCC0kIvhE,38,O “MEDINA DOS NERDS”: EMPREENDENDO NO MERCADO DE EVENTO TECH - Experience Podcast 39 - Tonico Novaes,Curso em Vídeo,2025-02-24T03:01:00Z,PT1H45M44S,3938,172,15,https://www.youtube.com/watch?v=ahwCC0kIvhE,2026-10-06
H2Z4SnWpqvg,39,BLOCKCHAIN E O FUTURO DIGITAL: DO BITCOIN À WEB3 – Experience Podcast 38  - NearX,Curso em Vídeo,2025-02-10T03:01:00Z,PT2H1M16S,6366,488,44,https://www.youtube.com/watch?v=H2Z4SnWpqvg,2026-10-06
IpL5AORVVno,40,DO INTERIOR PARA AO SILICON VALLEY: O CAMINHO DO SUCESSO - Experience Podcast 40 - Leo Balter,Curso em Vídeo,2025-03-10T03:01:00Z,PT2H11M20S,6135,417,51,https://www.youtube.com/watch?v=IpL5AORVVno,2026-10-06
82XswM_LYuM,41,Ele revolucionou o ensino de Hardware no Brasil - Experience Podcast #41 - Gabriel Torres,Curso em Vídeo,2025-03-24T03:01:01Z,PT2H16M48S,9686,728,95,https://www.youtube.com/watch?v=82XswM_LYuM,2026-10-06
cSOVqGS3poo,42,Dicas e Perrengues da carreira com Primo Dev - Experience Podcast #42,Curso em Vídeo,2025-06-02T14:00:55Z,PT1H56M3S,9039,648,97,https://www.youtube.com/watch?v=cSOVqGS3poo,2026-10-06
82kO2XR7TUw,43,Carreira Dev depois dos 40 anos com Dan Vitoriano - Experience Podcast #43,Curso em Vídeo,2025-06-24T16:00:11Z,PT1H13M42S,10744,708,71,https://www.youtube.com/watch?v=82kO2XR7TUw,2026-10-06
avFmXbncD4A,44,Loiane Groner: A Jornada de Uma Lenda da Programação  - Experience Podcast #44,Curso em Vídeo,2025-07-14T18:30:03Z,PT49M17S,56976,4528,217,https://www.youtube.com/watch?v=avFmXbncD4A,2026-10-06
wciL0u4thhU,45,Giulia Bordignon: Da Superação à Referência em Tecnologia - Experience Podcast #45,Curso em Vídeo,2025-07-28T14:01:34Z,PT49M21S,20862,1471,52,https://www.youtube.com/watch?v=wciL0u4thhU,2026-10-06
ec6Z2r0i8oo,46,"Embaixador do N8N, especialista em criação de agentes de IA  – Experience Podcast #46 – Luiz Eduardo",Curso em Vídeo,2025-09-15T03:01:09Z,PT1H43M57S,13398,771,66,https://www.youtube.com/watch?v=ec6Z2r0i8oo,2026-10-06
Vd4u0LKXrDQ,47,"Engenheira de Software, Influenciadora e Empreendedora – Experience Podcast #47 – Fernanda Kipper",Curso em Vídeo,2025-10-01T16:00:56Z,PT1H17M18S,27100,2010,230,https://www.youtube.com/watch?v=Vd4u0LKXrDQ,2026-10-06
MNyhT4AGZJI,48,Já trabalhou na feira e hoje é um sucesso no YouTube - Experience Podcast #48 - Gis com Giz,Curso em Vídeo,2025-10-13T16:00:42Z,PT1H33M11S,11063,299,31,https://www.youtube.com/watch?v=MNyhT4AGZJI,2026-10-06
yaTcuv8dVZM,49,A MELHOR MANEIRA DE APRENDER É COLOCAR A MÃO NA MASSA — EXPERIENCE PODCAST 49 - KAROL ATTEKITA,Curso em Vídeo,2025-11-03T14:01:49Z,PT44M9S,14072,1289,176,https://www.youtube.com/watch?v=yaTcuv8dVZM,2026-10-06
wCPMFPCcirA,50,O DEV QUE PROVOU QUE HUMOR TAMBÉM É FERRAMENTA DE CARREIRA — EXPERIENCE PODCAST 50 - POKEMAOBR,Curso em Vídeo,2025-12-08T03:01:24Z,PT1H28M33S,3307,163,17,https://www.youtube.com/watch?v=wCPMFPCcirA,2026-10-06
hwXxXHD5IT4,51,"O Cientista do Futuro: Educação, IA e Inovação - Experience Podcast #51 - Google",Curso em Vídeo,2025-12-17T14:01:20Z,PT46M49S,3579,285,18,https://www.youtube.com/watch?v=hwXxXHD5IT4,2026-10-06
KywvF3VXVhU,52,NINGUÉM CRESCE SOZINHO NA TECNOLOGIA — EXPERIENCE PODCAST 52,Curso em Vídeo,2025-12-30T14:00:36Z,PT53M53S,3449,192,7,https://www.youtube.com/watch?v=KywvF3VXVhU,2026-10-06
pEKPX99ovYg,53,EU ACHAVA QUE NÃO ERA PROGRAMADOR DE VERDADE | Experience Podcast #53 - WESLLEY ARAÚJO,Curso em Vídeo,2026-02-25T16:45:04Z,PT42M57S,6805,402,72,https://www.youtube.com/watch?v=pEKPX99ovYg,2026-10-06
2GtQl_-stqM,54,HACKING É CRIATIVIDADE: O QUE NINGUÉM TE EXPLICA SOBRE SEGURANÇA | Experience Podcast #54 - PENEGUI,Curso em Vídeo,2026-03-20T14:00:10Z,PT1H43M35S,59529,2937,131,https://www.youtube.com/watch?v=2GtQl_-stqM,2026-10-06
GQyDJ4Uwe0E,55,UMA LINHA DE CÓDIGO PODE MUDAR A WEB - EXPERIENCE PODCAST 55 - FELLYPH CINTRA,Curso em Vídeo,2026-01-28T14:00:25Z,PT47M39S,2645,168,10,https://www.youtube.com/watch?v=GQyDJ4Uwe0E,2026-10-06
Ip8kWsYn30g,56,CARREIRA NÃO É LINHA RETA: O QUE NÃO TE CONTAM SOBRE O MERCADO | ExperiencePodcast 56 - ADRIANA MELO,Curso em Vídeo,2026-05-22T03:01:30Z,PT1H20M55S,4074,212,15,https://www.youtube.com/watch?v=Ip8kWsYn30g,2026-10-06
yYfyz4ngwPs,57,A IA NÃO SUBSTITUI A BASE | Experience Podcast 57 - FABRÍCIO CARRARO,Curso em Vídeo,2026-06-30T17:00:08Z,PT1H56M23S,7463,310,29,https://www.youtube.com/watch?v=yYfyz4ngwPs,2026-10-06
1c4HPaBp1iE,58,ESTÁ TODO MUNDO FICANDO PADRONIZADO | Experience Podcast 58  - PEDRO CORTELLA,Curso em Vídeo,2026-08-19T14:00:12Z,PT1H23M44S,5382,161,20,https://www.youtube.com/watch?v=1c4HPaBp1iE,2026-10-06
btt51vSOxgo,59,O HOMEM QUE VIVEU DE INTERNET ANTES DE TODO MUNDO – EXPERIENCE PODCAST 59 | EDNEY “INTERNEY” SOUZA,Curso em Vídeo,2026-09-15T14:00:35Z,PT1H54M21S,13710,140,14,https://www.youtube.com/watch?v=btt51vSOxgo,2026-10-06
